entry_id,neighborhood,district,total_population,foreign_population,spanish_population,elderly_population,young_population,female_population,density_2023,total_population_growth_1y,foreign_population_growth_1y,spanish_population_growth_1y,elderly_population_growth_1y,young_population_growth_1y,female_population_growth_1y,density_2022,total_population_growth_3y,foreign_population_growth_3y,spanish_population_growth_3y,elderly_population_growth_3y,young_population_growth_3y,female_population_growth_3y,density_2020,total_population_growth_5y,foreign_population_growth_5y,spanish_population_growth_5y,elderly_population_growth_5y,young_population_growth_5y,female_population_growth_5y,density_2018,number_transactions,number_transactions_new,number_transactions_social,number_transactions_used,total_transactions_growth_1y,total_transactions_growth_3y,total_transactions_growth_5y,average_loan_amount,interest_rate,average_period_mortgage,average_size_ongoing_transaction,tenancy_days,residential_real_estates,average_built_area,average_construction_year,total_rent_portal_03_23,total_price_portal_03_23,total_price_portal,total_price_portal_growth_5y,total_price_portal_growth_3y,total_price_portal_growth_1y,total_price_register,new_price_register,used_price_register,price_official_internal_index,total_price_register_growth_5y,new_price_register_growth_5y,used_price_register_growth_5y,total_price_register_growth_3y,new_price_register_growth_3y,used_price_register_growth_3y,total_price_register_growth_1y,new_price_register_growth_1y,used_price_register_growth_1y,IVBSI_2022,IVMAUM_2022,IVEC_2022,IVEE_2022,IVS_2022,IVBSI_2021,IVMAUM_2021,IVEC_2021,IVEE_2021,IVS_2021
1,011. Palacio,01. Centro,"23,501","5,101","18,399",0.19,0.07,0.51,159.8816246,0.00,0.05,-0.01,0.19,0.07,0.01,159.31,0.00,0.17,-0.04,18.76,8,0.00,160.51,0.044,0.323,-0.014,18.920,8.630,0.035,153.170,243,33,0,210,0.38,0.14,0.03,224506.69,2.11,279,79.04,6738.64,13495,101,1928,22.2,"5,833","5,029",0.124,0.036,0.067,"5,410","6,167","5,299",138.71,0.29,0.53,0.26,0.07,0.17,0.05,0.12,0.20,0.10,9.52,4.4,5.06,7.09,9.89,10.62,4.44,5.01,7.14,8.77
2,012. Embajadores,01. Centro,"46,204","14,160","32,044",0.14,0.08,0.48,446.9768792,-0.01,0.03,-0.02,0.14,0.08,0.00,449.29,-0.02,0.07,-0.05,13.68,8,-0.02,455.13,0.035,0.256,-0.039,14.380,9.050,0.024,431.740,961,28,0,933,0.31,0.09,-0.02,180593.97,2.13,297,56.92,4696.23,25649,78,1927,22.1,"4,683","4,333",0.079,-0.033,0.024,"4,624","3,895","4,649",118.56,0.31,0.00,0.31,0.03,-0.25,0.05,0.08,0.00,0.08,9.68,10.32,5.52,10.01,9.08,9.77,9.24,5.46,10.08,8.12
3,013. Cortes,01. Centro,"10,816","3,072","7,744",0.17,0.06,0.51,182.7335699,0.00,0.03,-0.01,0.17,0.06,0.00,182.94,0.00,0.17,-0.05,16.79,7,0.01,181.98,0.027,0.328,-0.058,16.870,7.260,0.038,177.930,231,0,0,231,0.17,0.17,-0.20,337776.81,2.13,280,88.62,3249.11,6575,115,1923,23.3,"6,609","6,033",0.246,0.144,0.197,"5,729",0,"5,729",146.89,0.36,0.00,0.36,0.04,0.00,0.04,0.13,0.00,0.13,12.6,6.03,4.81,8.25,14.01,12.32,6.35,4.78,8.15,10.5
4,014. Justicia,01. Centro,"18,219","4,910","13,309",0.16,0.07,0.49,246.4024885,0.01,0.09,-0.02,0.15,0.07,0.02,243.64,0.01,0.21,-0.05,15.69,8,0.01,243.72,0.099,0.440,0.011,16.400,8.660,0.087,224.200,409,0,0,409,0.35,0.14,0.01,521304.41,2.16,267,101.57,2999.2,10653,124,1929,24.5,"7,533","5,873",0.118,-0.003,0.017,"6,919",0,"6,919",177.39,0.32,0.00,0.32,0.16,0.00,0.16,0.12,0.00,0.12,11.06,8.6,6.76,7.72,9.96,9.89,8.44,6.66,7.56,9.58
5,015. Universidad,01. Centro,"32,783","8,589","24,194",0.16,0.07,0.50,345.8122363,0.00,0.03,-0.01,0.16,0.07,0.00,346.63,-0.02,0.13,-0.06,15.61,7,-0.02,352.50,0.061,0.326,-0.009,16.520,8.210,0.041,325.910,622,48,0,574,0.18,0.02,-0.08,239893.15,2.14,293,70.16,4992.46,20366,89,1930,24.4,"6,420","5,473",0.180,0.036,0.064,"5,753","7,429","5,621",147.5,0.37,0.63,0.35,-0.04,-0.03,0.03,0.16,0.04,0.16,10.82,12.26,4.91,7.75,8.51,9.99,11.46,4.88,7.75,9.71
6,016. Sol,01. Centro,"8,164","2,844","5,320",0.16,0.06,0.48,183.3370761,0.01,0.04,-0.01,0.16,0.06,0.01,182.28,0.07,0.27,-0.01,16.96,6,0.05,171.17,0.134,0.576,-0.014,17.160,7.030,0.112,161.710,127,6,0,121,0.13,0.51,0.00,294897.72,2.12,227,94.25,4750.82,4665,136,1918,23.5,"7,171","6,045",0.203,0.183,0.268,"5,055",0,"5,085",129.59,0.47,0.78,0.42,-0.05,0.00,-0.04,-0.01,0.00,-0.01,12.8,28.17,6.92,9.5,20,13.04,26.06,6.79,9.32,15.45
7,021. Imperial,02. Arganzuela,"22,385","1,891","20,494",0.23,0.11,0.53,231.3216906,0.00,0.05,-0.01,0.23,0.11,0.00,232.06,-0.02,0.07,-0.03,21.95,12,-0.03,236.73,-0.015,0.246,-0.033,21.000,12.290,-0.018,234.780,204,57,0,147,0.04,0.65,0.05,207887.65,2.06,290,82.79,7918.54,11006,91,1971,,"4,680","4,346",0.285,0.108,-0.003,"3,954","3,684","4,063",101.37,0.37,0.31,0.40,0.04,0.07,0.05,0.11,0.16,0.06,5.87,6.12,6.65,5.18,5.99,5.81,5.36,6.37,5.14,5.73
8,022. Acacias,02. Arganzuela,"36,069","2,956","33,113",0.26,0.10,0.54,336.0257127,0.00,0.06,0.00,0.25,0.10,0.00,335.73,-0.02,0.07,-0.03,23.40,10,-0.02,343.96,-0.019,0.229,-0.036,22.070,11.080,-0.019,342.370,294,105,0,189,2.82,8.19,3.45,274495.66,2.04,303,69.84,7926.67,17620,94,1976,18.9,"4,668","4,533",0.217,0.082,0.111,"5,293","6,969","4,361",135.7,0.57,0.00,0.27,0.14,0.00,-0.03,0.26,0.72,0.03,5.58,6.25,6.64,4.96,6.76,5.93,5.61,6.33,5.05,5.71
9,023. Chopera,02. Arganzuela,"19,761","2,844","16,917",0.23,0.10,0.54,348.0274745,0.00,0.04,-0.01,0.23,0.11,0.00,347.56,-0.03,-0.01,-0.03,22.45,11,-0.03,357.30,-0.002,0.107,-0.018,23.200,10.770,-0.010,348.700,185,10,0,175,0.89,0.97,-0.29,182747.19,2.18,322,60.44,6692.2,9688,80,1957,18.4,"4,207","3,950",0.183,0.090,0.057,"4,207",0,"4,198",107.87,0.46,-1.00,0.42,0.15,0.00,0.13,0.18,0.00,0.18,5.69,7.05,4.88,6.52,7.13,5.86,7.05,4.66,6.68,6.66
10,024. Legazpi,02. Arganzuela,"19,468","1,560","17,908",0.11,0.17,0.51,137.631672,0.00,0.04,0.00,0.11,0.17,0.00,137.64,-0.02,0.09,-0.03,9.29,19,-0.02,140.05,0.011,0.184,-0.001,8.330,20.210,0.016,136.110,156,27,0,129,0.16,0.63,0.66,244347.69,1.99,290,84.72,5672.75,8801,107,1997,16.9,"4,977","4,895",0.000,0.114,0.078,"4,768","4,534","4,816",122.25,0.31,0.29,0.30,0.03,0.00,0.05,0.09,-0.10,0.13,6.26,4.7,6.12,4.46,6.61,6.38,4.52,5.81,4.57,7.24
11,025. Delicias,02. Arganzuela,"28,575","3,722","24,853",0.18,0.13,0.53,270.9301223,0.01,0.08,0.00,0.17,0.14,0.01,267.79,0.01,0.10,0.00,17.04,14,0.01,267.69,0.040,0.239,0.016,16.810,14.680,0.025,260.490,582,35,0,547,1.01,1.01,0.28,217217.65,2.12,304,76.45,4270.01,13768,95,1972,17.5,"4,417","4,229",0.186,0.083,0.071,"4,376","3,736","4,418",112.2,0.36,0.11,0.38,0.14,0.13,0.10,0.12,-0.19,0.17,6.67,6.86,6.52,5.67,5.72,6.35,7.14,6.22,5.81,6.34
12,026. Palos de la Frontera,02. Arganzuela,"25,097","3,937","21,160",0.22,0.09,0.53,387.0604565,0.00,0.02,0.00,0.21,0.09,0.00,386.74,-0.05,-0.04,-0.05,20.59,10,-0.05,405.42,-0.025,0.071,-0.041,20.510,9.900,-0.038,397.070,382,26,0,356,0.28,0.16,0.23,193079.74,2.03,294,68.2,6932.06,13682,86,1953,20,"4,658","4,316",0.211,0.095,0.098,"4,360","4,812","4,323",111.78,0.52,1.00,0.49,0.13,0.07,0.13,0.11,0.00,0.11,5.99,10.07,4.71,6.49,6.73,6.19,9.22,4.5,6.45,5.89
13,027. Atocha,02. Arganzuela,"1,949",212,"1,737",0.10,0.19,0.51,26.49177654,0.20,0.55,0.17,0.10,0.18,0.20,22.02,0.61,2.37,0.51,10.32,20,0.62,16.46,0.673,2.072,0.585,9.790,21.720,0.645,15.840,8,3,0,5,-0.96,0.33,1.00,0,0,288,62.88,0,811,121,2008,,,-,0.000,0.000,0.000,0,0,0,0,0.40,0.21,0.38,0.00,0.00,0.00,-1.00,-1.00,0.00,8.8,2.36,6.32,5.56,26.09,11,2.04,5.98,5.49,19.55
14,031. Pacífico,03. Retiro,"33,027","3,540","29,487",0.26,0.10,0.55,435.5400237,0.01,0.11,0.00,0.26,0.10,0.00,431.85,-0.02,0.11,-0.04,25.18,10,-0.02,445.33,-0.017,0.265,-0.043,24.520,10.940,-0.021,443.140,440,9,3,428,0.25,0.61,0.18,261375.23,1.97,313,76.85,3739.24,16801,96,1964,17.9,"4,701","4,429",0.246,0.067,0.056,"4,390",0,"4,427",112.55,0.35,0.00,0.36,0.03,0.00,0.04,0.05,0.00,0.06,6.54,10.18,3.86,5.03,6.04,6.13,11.74,3.79,4.8,6.71
15,032. Adelfas,03. Retiro,"18,832","1,622","17,210",0.23,0.13,0.54,293.8826467,0.01,0.06,0.00,0.23,0.13,0.01,292.06,0.00,0.16,-0.01,21.76,13,0.00,293.15,0.027,0.370,0.003,20.700,13.690,0.022,286.290,241,7,0,234,0.10,-0.22,-0.04,228292.58,1.86,309,72.02,3272.29,8975,100,1985,18.3,"4,512","4,355",0.203,0.034,0.068,"4,381",0,"4,367",112.33,0.38,-1.00,0.37,-0.04,-1.00,-0.08,-0.02,0.00,-0.02,6.45,6.36,3.96,4.97,6.85,6.04,7.47,3.86,4.94,8.31
16,033. Estrella,03. Retiro,"22,649","1,110","21,539",0.32,0.13,0.54,220.858118,-0.01,0.06,-0.01,0.32,0.13,0.00,222.13,-0.03,0.02,-0.03,30.98,13,-0.03,227.73,-0.025,0.292,-0.038,30.470,13.100,-0.015,226.600,207,0,0,207,0.19,0.52,0.16,279648.3,1.98,317,115.23,6177.73,9413,132,1973,19,"4,565","4,423",0.208,0.065,0.041,"4,761",0,"4,761",122.06,0.47,0.00,0.47,0.17,0.00,0.17,0.19,0.00,0.19,5.7,6.05,5.74,3.92,6.63,5.85,6.28,5.56,3.81,7.06
17,034. Ibiza,03. Retiro,"21,492","3,088","18,404",0.25,0.12,0.55,436.8292683,0.01,0.11,-0.01,0.25,0.12,0.01,434.52,-0.02,0.11,-0.04,24.68,12,-0.03,447.04,0.001,0.452,-0.049,24.900,12.400,-0.014,436.450,360,1,0,359,0.12,0.33,0.03,343265.96,2,296,87.1,2202.49,10356,114,1948,22.1,"6,615","6,055",0.240,0.114,0.130,"6,061",0,"6,058",155.39,0.38,0.00,0.37,0.11,0.00,0.11,0.09,0.00,0.09,8.04,62.75,3.69,5.45,5.77,8.17,56.34,3.6,5.55,6.55
18,035. Los Jerónimos,03. Retiro,"6,825",944,"5,881",0.26,0.11,0.53,35.8004616,-0.01,0.06,-0.03,0.26,0.12,-0.01,36.33,-0.03,0.18,-0.06,26.10,12,-0.03,36.96,-0.035,0.417,-0.082,26.560,12.000,-0.030,37.110,130,0,0,130,0.38,0.63,0.24,844273.25,1.91,283,283,2998.24,3220,189,1950,19,,"7,576",0.241,0.124,0.080,"7,904",0,"7,904",202.65,0.54,0.00,0.54,0.18,0.00,0.18,0.19,0.00,0.19,9.76,3.25,3.47,4.9,12.59,9.05,3.24,3.36,4.7,13.62
19,036. Niño Jesús,03. Retiro,"15,093","1,012","14,081",0.27,0.14,0.55,234.618374,0.00,0.10,-0.01,0.27,0.14,0.00,235.19,-0.02,0.08,-0.03,26.76,15,-0.02,240.35,-0.012,0.304,-0.029,26.410,14.840,-0.007,237.530,160,0,0,160,0.44,0.55,-0.01,373102.22,2.09,291,291,1933.67,6291,144,1968,19,"5,779","5,055",0.269,0.055,0.018,"5,894",0,"5,894",151.12,0.35,-0.17,0.34,0.07,0.00,0.07,0.09,0.00,0.09,5.99,8.3,5.45,3.91,6.11,6.08,7.24,5.27,3.89,6.6
20,041. Recoletos,04. Salamanca,"15,444","3,239","12,205",0.24,0.11,0.55,176.8869545,-0.01,0.03,-0.02,0.24,0.11,-0.01,179.20,-0.03,0.12,-0.06,23.44,12,-0.03,181.48,-0.020,0.300,-0.080,22.720,11.900,-0.022,180.450,288,10,0,278,0.46,0.79,-0.02,879870.87,2.36,216,145.2,2674.58,8864,191,1948,27.1,"10,000","9,000",0.276,0.066,0.080,"10,436",0,"10,241",267.57,0.49,0.00,0.47,0.22,0.00,0.20,0.25,-1.00,0.26,8.26,24.62,4.71,5.42,7.47,8.15,22.48,4.55,5.59,6.19
21,042. Goya,04. Salamanca,"29,477","5,297","24,180",0.24,0.10,0.56,382.66909,0.00,0.08,-0.02,0.24,0.10,0.00,382.20,-0.02,0.17,-0.05,23.76,11,-0.02,388.75,-0.004,0.391,-0.063,23.520,10.960,-0.011,384.320,535,27,0,508,0.23,0.65,0.02,402379.53,2.04,294,93.15,2421.77,16411,116,1944,23.8,"7,377","6,842",0.271,0.165,0.179,"6,682","8,314","6,594",171.33,0.35,0.00,0.34,0.13,0.00,0.12,0.11,0.00,0.12,8.29,24.16,7.04,5.11,6.41,8.01,21.75,6.81,5.42,5.63
22,043. Fuente del Berro,04. Salamanca,"20,929","2,985","17,944",0.25,0.11,0.56,245.4726718,0.00,0.08,-0.01,0.25,0.11,0.00,244.53,-0.02,0.08,-0.03,24.29,11,-0.01,249.23,0.009,0.292,-0.027,24.630,11.180,0.008,243.340,330,4,0,326,0.15,0.38,-0.01,249082.87,2.27,322,75.39,5158.27,10653,98,1958,,"5,363","4,986",0.315,0.114,0.101,"5,330",0,"5,331",136.66,0.37,0.00,0.37,0.11,0.00,0.11,0.06,0.00,0.07,6.04,6.48,5.25,5.11,6.52,6.04,5.76,5.1,5.14,5.95
23,044. Guindalera,04. Salamanca,"41,964","5,368","36,596",0.24,0.11,0.55,261.8168206,0.01,0.06,0.00,0.24,0.11,0.01,260.30,-0.01,0.10,-0.02,23.92,11,-0.01,263.95,0.017,0.295,-0.014,24.670,11.550,0.012,257.420,614,51,0,563,0.10,0.38,0.07,275082.4,2.12,316,88.07,3730.1,20645,107,1966,20.8,"4,982","4,503",0.237,0.052,0.077,"4,824","4,338","4,867",123.68,0.38,0.00,0.40,0.05,-0.06,0.06,0.06,-0.29,0.12,6.02,6.19,5.09,4.39,6.33,6.17,5.73,4.94,4.63,7.34
24,045. Lista,04. Salamanca,"20,969","3,805","17,164",0.24,0.10,0.57,403.0949635,0.01,0.10,-0.01,0.24,0.11,0.01,399.55,-0.01,0.19,-0.05,23.69,11,-0.02,407.74,0.001,0.354,-0.054,23.960,11.470,-0.002,402.830,305,1,0,304,0.09,0.68,0.07,595820.83,1.99,284,94.41,2493.74,11191,115,1950,,"7,696","6,679",0.381,0.169,0.128,"6,230",0,"6,230",159.71,0.25,0.00,0.25,0.03,0.00,0.05,0.09,0.00,0.09,6.15,13.29,7.05,5.42,5.94,5.91,12.09,6.82,5.67,5.71
25,046. Castellana,04. Salamanca,"16,919","3,646","13,273",0.24,0.10,0.56,218.7613137,-0.01,0.08,-0.03,0.23,0.11,-0.01,220.01,-0.02,0.17,-0.06,23.21,12,-0.03,223.65,-0.002,0.387,-0.073,23.030,11.700,-0.005,219.110,225,9,0,216,0.24,0.29,-0.18,769994.89,2.04,268,132.87,2839.28,8610,172,1951,24.4,"8,909","7,957",0.234,0.118,0.150,"7,758",0,"7,613",198.89,0.39,1.22,0.32,-0.03,-1.00,0.06,0.12,0.00,0.10,7.93,9.41,6.86,5.45,6.25,7.63,9.14,6.63,5.58,6
26,051. El Viso,05. Chamartín,"17,274","2,001","15,273",0.22,0.14,0.55,101.0648256,0.01,0.03,0.00,0.22,0.14,0.01,100.52,-0.01,0.00,-0.01,21.74,14,-0.01,101.99,0.008,0.103,-0.004,21.470,14.330,0.009,100.310,220,7,0,213,0.04,0.27,0.18,800789.04,2.04,296,143.1,3971.22,7284,205,1966,21.6,"7,511","6,993",0.334,0.117,0.078,"7,062",0,"6,817",181.05,0.31,0.00,0.26,0.10,0.00,0.07,0.03,0.00,0.00,7.74,5.4,5.74,4.48,7.55,7.5,5.25,5.08,4.59,7.35
27,052. Prosperidad,05. Chamartín,"36,027","4,217","31,810",0.26,0.11,0.55,346.3801558,0.00,0.07,-0.01,0.26,0.11,0.00,345.78,-0.02,0.05,-0.03,25.21,11,-0.02,355.17,-0.014,0.193,-0.036,24.660,11.430,-0.013,351.150,502,89,0,413,-0.11,0.32,-0.06,251282.93,2.26,327,88.69,9826.16,18754,95,1970,19.5,"4,964","4,583",0.229,0.069,0.048,"5,054","6,638","4,717",129.57,0.50,1.03,0.38,0.15,0.52,0.07,0.15,0.42,0.10,5.79,7.99,6.05,4.88,6.43,5.57,9.03,5.38,4.84,6.59
28,053. Ciudad Jardín,05. Chamartín,"18,513","2,532","15,981",0.24,0.12,0.56,242.8571429,0.01,0.08,0.00,0.24,0.12,0.00,241.50,-0.02,0.09,-0.04,23.08,12,-0.02,247.84,0.001,0.213,-0.025,23.010,12.480,-0.006,242.510,282,8,0,274,0.33,0.26,0.05,307572.53,2.05,301,70.86,3134.51,9110,99,1968,20.3,"4,964","5,059",0.289,0.109,0.096,"5,191",0,"5,224",133.1,0.42,0.00,0.43,0.18,0.00,0.19,0.07,0.00,0.07,5.88,6.02,3.97,5.09,7.3,5.7,9.43,3.39,5.12,7.01
29,054. Hispanoamérica,05. Chamartín,"31,470","2,699","28,771",0.25,0.14,0.55,183.7664234,0.00,0.07,-0.01,0.25,0.14,0.00,183.72,-0.02,0.07,-0.03,24.60,15,-0.02,187.10,0.003,0.285,-0.017,24.610,15.070,-0.003,183.200,339,9,1,329,0.17,0.08,-0.03,417826.08,2.39,296,107.85,3719.13,14048,131,1968,19.8,"6,172","5,453",0.219,0.054,0.010,"6,230",0,"6,237",159.72,0.45,0.00,0.45,0.14,0.00,0.14,0.14,0.00,0.15,5.51,6.08,5.81,4.2,6.48,5.56,7.37,5.15,4.38,6.32
30,055. Nueva España,05. Chamartín,"24,466","2,561","21,905",0.21,0.16,0.55,136.6739288,0.00,0.09,-0.01,0.21,0.17,0.00,136.12,-0.02,0.07,-0.03,20.80,17,-0.02,139.74,-0.001,0.159,-0.017,20.930,17.180,0.003,136.840,480,16,0,464,1.49,1.21,1.19,720931.34,2.45,288,126.25,4806.19,10732,158,1972,19.5,"6,469","6,090",0.236,0.150,0.038,"5,660",0,"5,552",145.12,0.12,0.00,0.09,-0.11,0.00,-0.13,-0.08,0.00,-0.10,7.85,6.48,5.63,4.38,6.41,7.48,6.48,4.98,4.38,6.82
31,056. Castilla,05. Chamartín,"17,046","1,916","15,130",0.23,0.13,0.54,78.86919909,0.00,0.10,-0.01,0.23,0.13,0.00,78.60,-0.01,0.18,-0.03,22.63,14,-0.02,79.71,0.010,0.351,-0.021,22.330,13.190,0.006,78.060,200,11,0,189,0.32,0.60,0.43,313003.79,2.51,282,99.7,4823.77,8002,120,1974,17.9,"4,835","4,471",0.245,0.022,0.032,"5,099",0,"4,926",130.72,0.37,0.35,0.37,0.26,0.00,0.22,0.24,0.00,0.23,5.92,4.77,5.89,4.27,7.08,5.61,5.03,5.25,4.33,7.23
32,061. Bellas Vistas,06. Tetuán,"29,355","7,434","21,920",0.18,0.11,0.54,410.4446309,0.01,0.06,0.00,0.19,0.12,0.01,405.43,-0.02,0.03,-0.03,18.08,12,-0.02,418.01,0.021,0.179,-0.023,18.550,12.280,0.015,402,423,34,0,389,0.21,0.26,0.17,187561.21,2.31,294,60.27,5553.94,13904,81,1958,19.2,"4,071","3,838",0.394,0.141,0.143,"3,771","4,621","3,704",96.69,0.45,0.00,0.43,0.10,0.00,0.08,0.07,0.17,0.07,6.46,11.01,8.16,9.03,5.35,6.46,11.66,9.13,9.37,6.02
33,062. Cuatro Caminos,06. Tetuán,"34,753","5,928","28,825",0.23,0.11,0.55,293.2742616,0.01,0.06,0.00,0.23,0.11,0.01,290.89,-0.01,0.09,-0.03,22.47,11,-0.01,296.97,0.015,0.225,-0.020,22.960,10.970,0.022,289.050,460,9,0,451,0.00,-0.10,-0.20,278508.78,2.03,301,85.38,6725.81,18270,103,1962,21.1,"4,940","4,734",0.232,0.085,0.070,"4,802",0,"4,778",123.13,0.44,-1.00,0.43,0.08,0.00,0.07,0.09,0.00,0.08,6.05,7.42,7.53,6.86,6.74,6.49,7.5,8.5,6.79,6.62
34,063. Castillejos,06. Tetuán,"20,570","3,439","17,131",0.24,0.10,0.55,291.8972612,0.01,0.07,0.00,0.24,0.10,0.01,287.82,-0.01,0.04,-0.02,23.61,10,-0.01,295.67,0.010,0.149,-0.014,23.960,9.920,0.016,288.970,366,0,0,366,0.22,0.35,-0.06,273874.7,2.22,294,92.68,4529.35,11847,111,1969,19.5,"5,498","4,987",0.332,0.173,0.129,"4,848",0,"4,848",124.29,0.34,0.00,0.34,0.09,0.00,0.12,0.13,0.00,0.13,5.75,9.14,9.56,6.76,6.74,6.75,8.8,10.44,7.04,6.64
35,064. Almenara,06. Tetuán,"23,057","4,247","18,810",0.19,0.12,0.54,230.7084251,0.02,0.13,0.00,0.19,0.12,0.01,226.08,0.00,0.16,-0.03,19.35,12,-0.01,230.18,0.028,0.423,-0.032,20.250,12.310,0.013,224.350,318,86,1,231,0.34,0.10,0.03,192610.32,2.01,298,82.33,5574.71,10568,97,1985,20.7,"3,839","3,970",0.455,0.161,0.197,"3,194","2,688","3,508",81.9,0.25,0.00,0.45,0.00,-0.07,0.07,-0.03,-0.14,0.06,6.24,6.94,8.96,9.74,6.98,6.77,10.96,9.92,9.99,8.13
36,065. Valdeacederas,06. Tetuán,"26,573","6,540","20,032",0.15,0.12,0.53,228.4081141,0.02,0.07,0.00,0.15,0.12,0.02,224.68,0.00,0.03,-0.01,14.33,13,0.00,228.17,0.039,0.205,-0.006,14.770,13.480,0.029,219.790,404,110,1,293,0.04,0.02,0.13,215878.56,2.37,300,66.02,2945.54,12602,75,1980,18.3,"3,957","3,564",0.403,0.150,0.080,"3,405","3,854","3,229",87.29,0.47,0.56,0.42,0.12,0.23,0.07,0.02,0.06,0.00,6.19,4.76,10.64,9.23,7.31,7.15,4.91,11.54,9.31,8.41
37,066. Berruguete,06. Tetuán,"25,694","6,737","18,957",0.16,0.12,0.55,423.2251688,0.03,0.10,0.01,0.17,0.12,0.02,411.01,-0.01,0.05,-0.02,16.39,12,-0.01,425.71,0.044,0.201,-0.002,16.800,12.970,0.032,405.360,380,48,0,332,0.10,0.11,0.18,134978.81,1.93,306,58.35,4158.64,12129,77,1971,18.2,"3,781","3,447",0.271,0.056,0.057,"3,310","3,934","3,217",84.86,0.40,0.57,0.40,0.11,0.18,0.09,0.00,0.06,0.00,6.7,24.01,8.33,9.07,5.95,6.73,22.98,9.3,9.27,6.1
38,071. Gaztambide,07. Chamberí,"22,959","3,281","19,678",0.25,0.09,0.56,453.2872655,0.01,0.10,0.00,0.26,0.10,0.02,447.38,-0.02,0.13,-0.04,25.22,10,-0.02,460.61,0.013,0.374,-0.030,25.730,9.800,0.005,447.520,362,3,0,359,0.23,0.33,-0.07,316648.1,1.97,303,88.98,7867.46,13291,111,1956,20.5,"5,476","5,086",0.294,0.039,0.110,"5,605",0,"5,583",143.71,0.36,-1.00,0.35,0.02,0.00,0.01,0.08,0.00,0.08,5.59,20.54,5.99,5.17,10.06,6.02,19.59,5.61,5.37,9.86
39,072. Arapiles,07. Chamberí,"24,190","3,271","20,919",0.24,0.10,0.55,418.3673469,0.01,0.07,0.00,0.24,0.10,0.01,414.58,-0.02,0.09,-0.04,23.83,10,-0.02,427.24,-0.006,0.260,-0.038,24.040,10.820,-0.014,420.850,334,3,0,331,0.03,0.14,0.00,294591.11,1.94,302,79.54,7413.37,13575,103,1951,22.9,"5,727","5,262",0.162,0.053,0.034,"5,965",0,"5,942",152.92,0.42,0.00,0.42,0.05,0.00,0.05,0.11,0.00,0.11,5.76,14,4.03,5.02,9.48,6.34,13.36,3.72,5.16,9.57
40,073. Trafalgar,07. Chamberí,"24,621","4,148","20,473",0.22,0.10,0.55,402.3696682,0.01,0.10,-0.01,0.22,0.10,0.00,400.32,-0.02,0.16,-0.05,21.16,10,-0.03,408.95,0.004,0.360,-0.047,21.180,10.630,-0.009,400.780,441,3,0,438,0.04,0.26,-0.05,348202.2,2.03,293,83.98,2845.83,13979,102,1951,24.4,"6,773","6,029",0.242,0.083,0.116,"6,216",0,"6,217",159.37,0.34,0.00,0.34,0.13,0.00,0.13,0.13,0.00,0.14,6.89,12.34,5.97,5.41,10.22,6.52,11.82,5.6,5.37,9.91
41,074. Almagro,07. Chamberí,"19,418","3,108","16,310",0.25,0.11,0.56,207.0369975,0.00,0.08,-0.01,0.24,0.11,0.00,206.39,-0.02,0.12,-0.04,23.86,11,-0.02,211.51,-0.019,0.226,-0.055,23.960,11.820,-0.019,211.090,297,6,0,291,0.06,0.21,0.02,636590.53,2.03,243,126.85,5761.71,9234,176,1957,23.5,"8,317","6,829",0.203,0.015,0.059,"7,596",0,"7,534",194.74,0.45,0.00,0.45,0.20,0.00,0.18,0.03,0.00,0.03,7.54,8.67,5.8,4.97,10.32,8.4,9.47,5.43,5.19,10.11
42,075. Ríos Rosas,07. Chamberí,"27,163","3,579","23,584",0.24,0.11,0.56,278.4806233,0.01,0.08,0.00,0.24,0.11,0.02,275.79,-0.01,0.11,-0.03,23.27,11,-0.01,282.64,0.004,0.245,-0.024,23.380,11.610,0.007,277.310,400,58,0,342,0.05,0.22,-0.01,340484.03,1.96,364,89.34,8840.99,14896,109,1958,21.9,"6,080","5,788",0.225,0.157,0.092,"6,239","6,648","6,179",159.95,0.45,0.00,0.44,0.15,0.00,0.13,0.08,-0.07,0.11,5.76,11.09,5.93,4.82,9.7,6.45,10.7,5.57,4.91,9.34
43,076. Vallehermoso,07. Chamberí,"19,853","1,702","18,151",0.27,0.11,0.57,185.6808829,0.00,0.12,-0.01,0.28,0.11,0.00,186.13,-0.03,0.08,-0.04,27.65,11,-0.03,190.82,-0.010,0.245,-0.028,28.000,11.540,-0.016,187.480,234,1,0,233,0.18,0.16,0.03,337647.12,1.96,287,113.55,8380.44,9945,128,1963,20,"5,592","5,367",0.287,0.181,0.058,"5,577",0,"5,577",142.99,0.29,0.26,0.37,0.18,0.00,0.17,0.11,0.00,0.10,5.65,8.69,5.74,3.95,10.28,5.95,8.37,5.36,4.21,9.75
44,081. El Pardo,08. Fuencarral-El Pardo,"3,421",181,"3,240",0.24,0.12,0.50,0.182372214,0.01,0.11,0.01,0.25,0.12,0.00,0.18,-0.01,0.25,-0.03,25.32,12,-0.02,0.19,-0.010,0.521,-0.029,26.240,11.780,-0.035,0.180,31,1,0,30,-0.06,0.72,-0.03,189337.15,2.26,327,94.7,6505.65,1466,106,1960,,,-,0.000,0.000,0.000,"3,327",0,"3,362",85.29,0.60,0.00,0.62,0.00,0.00,0.00,0.10,0.00,0.11,9.61,5.88,5.64,5.06,10.63,7.4,5.08,5.71,4.33,11.82
45,082. Fuentelarreina,08. Fuencarral-El Pardo,"3,410",259,"3,151",0.26,0.18,0.54,24.66367713,0.02,0.11,0.01,0.26,0.18,0.01,24.20,0.03,0.03,0.03,26.27,17,0.02,23.93,0.054,0.044,0.055,25.970,16.820,0.030,23.390,94,57,0,37,1.54,2.36,2.13,454576.03,1.94,340,171.78,7366.72,1319,269,1973,,"3,516","3,833",0.000,0.115,0.115,"4,275","4,052","4,683",109.6,0.42,0.00,0.56,0.14,0.00,0.24,0.14,0.00,0.27,5.44,5.82,6.09,4.95,6.56,5.97,6.54,6.13,4.84,6.52
46,083. Peñagrande,08. Fuencarral-El Pardo,"44,341","3,749","40,592",0.27,0.13,0.54,153.5725418,0.01,0.09,0.00,0.27,0.13,0.01,152,-0.01,0.00,-0.01,26.10,13,-0.01,155.64,-0.002,0.147,-0.013,25.040,13.150,0.002,153.820,562,88,6,468,0.35,0.62,0.37,286566.63,2.11,313,114.48,6146.37,19736,121,1981,15.2,"3,958","3,838",0.149,0.169,0.094,"3,993","4,379","3,913",102.37,0.41,0.23,0.44,0.16,0.55,0.12,0.12,0.29,0.09,5.51,6.3,5.2,5.24,6.26,5.95,5.62,5.3,5.14,6.19
47,084. Pilar,08. Fuencarral-El Pardo,"45,610","6,176","39,433",0.29,0.11,0.55,334.5803991,0.01,0.11,-0.01,0.29,0.11,0.01,332.70,-0.03,0.07,-0.04,28.93,11,-0.02,343.71,-0.011,0.271,-0.044,29.490,10.860,-0.004,338.130,480,101,10,369,0.03,0.55,0.26,171403.56,1.82,311,64.91,2493.22,21494,80,1969,16.8,"3,667","3,592",0.289,0.087,0.094,"3,788","3,682","3,819",97.12,0.42,0.41,0.42,0.10,0.10,0.10,0.10,0.09,0.11,5.43,7.07,5.74,6.03,6.97,5.65,6.24,5.83,5.88,7.13
48,085. La Paz,08. Fuencarral-El Pardo,"32,192","1,771","30,421",0.36,0.11,0.54,149.3966957,0.00,0.04,-0.01,0.36,0.11,0.00,150.11,-0.04,-0.04,-0.04,33.04,11,-0.04,156.14,-0.047,0.092,-0.054,30.740,10.890,-0.041,156.780,229,7,0,222,0.13,0.51,0.22,267020.69,1.9,311,106.45,6999.63,13546,128,1980,13.5,"4,195","3,955",0.153,0.105,0.054,"3,970",0,"3,981",101.78,0.36,-1.00,0.32,0.09,0.00,0.08,0.08,0.00,0.08,4.79,5.31,4.53,4.17,7.06,5.57,4.55,4.62,4.23,7.44
49,086. Valverde,08. Fuencarral-El Pardo,"64,757","9,196","55,560",0.12,0.21,0.52,72.10283704,0.02,0.15,0.00,0.12,0.23,0.02,70.87,0.00,0.12,-0.02,11.65,24,0.00,72,0.045,0.376,0.005,11.770,24.380,0.044,68.970,661,187,62,412,-0.07,0.09,-0.14,237368.44,2.17,312,82.92,5630.97,27165,117,1991,14,"3,496","3,463",0.159,0.000,0.024,"4,004","4,673","3,656",102.65,0.19,0.27,0.31,0.15,0.20,0.13,-0.09,-0.09,0.02,6.55,5.38,4.84,6.55,7.22,7.17,4.9,4.94,6.27,7.48
50,087. Mirasierra,08. Fuencarral-El Pardo,"35,676","1,851","33,825",0.16,0.22,0.52,51.01819014,0.01,0.04,0.01,0.15,0.22,0.01,50.39,0.05,0.04,0.05,14.74,22,0.04,48.69,0.113,0.197,0.109,14.420,21.550,0.107,45.840,312,128,2,182,-0.23,-0.32,-0.44,395663.27,2.02,318,138.11,7101.12,12942,188,1996,13.3,"4,611","4,290",0.189,0.177,0.139,"4,282","3,345","5,061",109.77,0.38,0.16,0.39,0.38,0.24,0.17,-0.04,-0.22,0.09,6.13,6.1,4.17,4.28,6.9,6.2,5.3,4.26,4.33,7.05
51,088. El Goloso,08. Fuencarral-El Pardo,"19,036","1,189","17,847",0.09,0.29,0.51,7.185267107,0.00,0.00,0.00,0.08,0.30,0.00,7.20,0.00,0.03,0.00,7.67,32,0.00,7.19,0.061,0.318,0.047,8.190,33.280,0.061,6.780,167,54,49,64,0.06,-0.02,-0.50,286392.72,2.02,304,101.23,3716.2,6957,149,2007,,,"4,721",0.000,0.032,0.000,"5,565","5,413","5,842",142.68,0.33,0.57,0.29,0.06,0.00,0.20,0.04,0.04,0.04,9.32,8.3,4.24,4.37,6.82,9.71,7.37,4.32,4.22,6.57
52,091. Casa de Campo,09. Moncloa-Aravaca,"12,767","1,157","11,610",0.26,0.10,0.53,7.311890771,0.00,0.02,-0.01,0.26,0.10,-0.01,7.33,-0.03,-0.10,-0.03,24.92,10,-0.04,7.56,-0.010,0.117,-0.021,24.910,10.290,-0.022,7.390,130,26,0,104,0.03,0.20,-0.03,209277.92,2.01,294,84.07,11618.23,6358,99,1969,17.6,,"4,227",0.000,0.000,0.071,"4,135","4,081","4,148",106,0.46,0.57,0.39,0.24,0.00,0.21,0.10,0.27,0.06,7.22,2.85,4.28,4.67,16.51,7.34,4.2,4.46,4.63,18.95
53,092. Argüelles,09. Moncloa-Aravaca,"24,497","3,959","20,538",0.24,0.10,0.54,323.3927393,0.01,0.08,0.00,0.25,0.10,0.01,319,0.00,0.18,-0.03,24.70,10,0.00,322.40,0.021,0.396,-0.029,25.200,10.050,0.014,316.710,359,107,2,250,-0.05,0.53,-0.06,384061.48,1.95,281,101.22,10519.67,12939,129,1950,20.6,"5,713","5,419",0.197,0.093,0.120,"5,856","6,644","5,536",150.14,0.47,0.79,0.34,0.22,0.36,0.16,-0.03,-0.12,0.15,4.97,25.89,3.8,5.62,7.11,5.25,23.84,3.97,5.57,5.97
54,093. Ciudad Universitaria,09. Moncloa-Aravaca,"16,364","1,630","14,734",0.26,0.13,0.54,11.48278354,0.01,0.05,0.00,0.26,0.13,0.00,11.38,0.00,-0.01,0.00,25.29,12,-0.02,11.50,0.017,0.086,0.009,25.480,12.750,-0.003,11.300,159,10,0,149,0.11,0.57,0.00,425132.45,2.21,324,156.24,7704.12,7449,215,1973,18,"4,396","4,224",0.217,0.157,0.095,"4,486",0,"4,452",115.02,0.32,0.00,0.30,0.03,0.00,0.02,0.04,-1.00,0.11,5.42,4.6,5.83,4.65,7.55,5.41,4.91,5.92,4.73,7.9
55,094. Valdezarza,09. Moncloa-Aravaca,"30,484","3,939","26,545",0.25,0.13,0.54,218.1323792,0.02,0.13,0.01,0.25,0.13,0.02,213.26,0.00,0.08,-0.01,24.76,13,0.00,217.57,0.036,0.286,0.007,24.990,12.610,0.033,210.510,351,41,0,310,0.13,0.19,0.08,198962.59,2.23,316,72.49,9562.15,14549,88,1969,16.1,"3,532","3,224",0.288,0.079,0.085,"3,239","3,735","3,174",83.04,0.32,0.21,0.36,0.02,-0.02,0.05,0.08,0.00,0.07,5.36,6.81,4.94,5.79,7.48,5.78,8.17,5.11,5.86,6.95
56,095. Valdemarín,09. Moncloa-Aravaca,"7,156",628,"6,528",0.12,0.24,0.53,21.66843301,0.02,0.02,0.02,0.11,0.25,0.01,21.34,0.03,-0.06,0.04,11.18,27,0.02,21.07,0.091,0.011,0.099,10.620,28.460,0.078,19.860,45,4,0,41,-0.39,-0.27,-0.56,582403.73,1.87,321,175.26,3658,2600,278,2002,16.3,"5,305","4,411",0.041,0.002,0.080,"5,169",0,"5,097",132.52,0.32,0.00,0.32,0.08,0.00,0.06,0.13,0.00,0.12,8.17,5.63,5.69,5.04,6.76,8.53,4.84,5.75,5.22,7.22
57,096. El Plantío,09. Moncloa-Aravaca,"3,044",326,"2,718",0.20,0.19,0.54,8.627628819,0.02,0.01,0.02,0.19,0.19,0.01,8.50,0.09,0.23,0.07,19.72,19,0.08,7.93,0.119,0.482,0.087,19.670,19.930,0.138,7.710,21,0,0,21,-0.50,0.17,-0.16,608434.58,1.75,332,176.31,5778.74,1142,415,1987,,"3,011","2,956",0.000,0.121,0.069,"4,544",0,"4,544",116.5,0.45,0.00,0.37,0.44,0.00,0.44,0.06,0.00,0.10,6.34,4.96,3.72,4.09,9.63,8.43,4.44,5.92,4.53,8.94
58,097. Aravaca,09. Moncloa-Aravaca,"27,445","2,954","24,491",0.17,0.18,0.53,47.04319506,0.00,0.03,0.00,0.16,0.18,0.00,46.83,0.00,0.04,-0.01,15.33,20,0.00,47.14,0.050,0.213,0.033,14.430,20.810,0.058,44.820,121,3,0,118,-0.40,-0.41,-0.80,477606.35,1.89,294,155.52,3297.63,10379,209,1992,15.9,"4,437","3,925",0.026,0.049,-0.027,"4,362",0,"4,389",111.83,0.40,0.43,0.41,0.07,-1.00,0.13,0.09,0.00,0.11,5.94,6.13,3.9,4.91,6.88,5.89,5.68,4.06,5,6.99
59,101. Los Cármenes,10. Latina,"17,903","3,365","14,538",0.17,0.13,0.53,138.5681115,0.02,0.10,0.00,0.17,0.13,0.02,135.78,0.01,0.17,-0.02,16.90,14,0.01,137.28,0.041,0.458,-0.023,17.360,14.630,0.036,133.070,163,33,2,128,0.21,0.12,0.07,127543.23,2.06,294,74.79,7939.91,7453,90,1977,,"2,538","2,681",0.396,0.118,0.161,"2,673","2,699","2,665",68.52,0.51,0.44,0.55,0.08,0.03,0.10,0.08,0.07,0.09,9.53,3.66,10.78,10.51,7.36,8.94,5.5,10.64,10.6,7.07
60,102. Puerta del Ángel,10. Latina,"43,292","9,915","33,377",0.20,0.11,0.53,314.7822293,0.05,0.11,0.03,0.20,0.11,0.04,301.03,0.02,0.13,-0.01,20.48,11,0.01,308.02,0.046,0.323,-0.015,20.950,11.960,0.035,301,642,146,6,490,0.32,0.48,0.23,140610.97,2.11,303,66.55,10005.81,20151,84,1964,18.4,"3,140","2,682",0.259,0.074,0.055,"2,796","2,874","2,772",71.69,0.45,0.49,0.43,0.09,0.12,0.07,0.07,0.10,0.06,7.56,7.27,8.24,10.15,6.69,6.94,7.33,8.23,9.97,6.91
61,103. Lucero,10. Latina,"36,749","7,497","29,252",0.22,0.12,0.53,218.87433,0.02,0.13,-0.01,0.22,0.12,0.02,214.78,0.00,0.10,-0.02,22.05,12,-0.01,219.08,0.036,0.359,-0.024,22.990,12.840,0.031,211.360,405,50,1,354,0.04,0.07,0.05,124249.44,2.26,298,69.14,7831.81,16381,83,1973,15.8,"2,499","2,438",0.257,0.024,0.104,"2,408","2,434","2,404",61.74,0.41,0.41,0.41,0.08,0.12,0.07,0.05,0.00,0.06,7.15,5.99,8.56,9.3,6.78,6.57,5.9,8.51,9.21,6.5
62,104. Aluche,10. Latina,"66,588","12,678","53,909",0.29,0.11,0.54,233.6585024,0.01,0.10,-0.01,0.29,0.11,0.01,231.01,-0.01,0.07,-0.03,29.36,11,-0.01,236.57,0.010,0.281,-0.038,30.150,11.460,0.014,231.460,695,63,1,631,0.17,0.28,0.07,134102.37,2.22,312,71.81,7143.06,30286,85,1971,13.4,"2,620","2,411",0.235,0.090,0.100,"2,362","2,343","2,364",60.57,0.39,0.36,0.39,0.08,0.08,0.09,0.05,-0.01,0.06,7.14,7.17,8.71,8.71,6.12,6.25,6.78,8.65,8.63,6.5
63,105. Campamento,10. Latina,"19,750","4,764","14,985",0.23,0.12,0.54,21.48747742,0.02,0.13,-0.01,0.23,0.13,0.03,21.04,0.00,0.14,-0.04,23.37,13,0.00,21.59,0.040,0.472,-0.048,24.010,12.960,0.048,20.650,239,25,1,213,0.46,0.29,0.19,157384.95,2.03,306,73.19,7197.72,8530,90,1974,14.6,"2,736","2,481",0.273,0.109,0.164,"2,379","2,795","2,320",61.01,0.31,0.40,0.32,0.14,0.24,0.14,0.10,0.37,0.06,7.95,5.87,8.38,9.52,5.8,6.58,7.4,8.33,9.74,5.99
64,106. Cuatro Vientos,10. Latina,"6,122",643,"5,479",0.07,0.20,0.50,11.27419385,0.03,0.08,0.02,0.07,0.22,0.03,10.99,0.04,0.50,0.00,6.39,23,0.04,10.83,0.081,0.902,0.029,6.230,23.440,0.094,10.430,41,2,1,38,0.17,0.46,0.21,160551.59,2.19,317,77.34,5022.23,2318,122,2007,,,"3,568",0.000,0.000,0.000,"3,092",0,"3,097",79.28,0.37,-1.00,0.00,-0.03,0.00,-0.03,0.00,0.00,0.00,9.73,5.57,9.26,7.85,8.16,10.87,5.35,9.13,8.09,10.31
65,107. Águilas,10. Latina,"51,268","7,183","44,084",0.28,0.11,0.54,142.0323582,0.01,0.11,-0.01,0.28,0.12,0.01,141.03,-0.02,0.11,-0.03,27.59,12,-0.01,144.37,0.003,0.345,-0.037,28.240,12.130,0.008,141.570,463,37,4,422,0.20,0.15,-0.02,123310.54,2.18,311,68.96,8356.48,23169,84,1973,,"2,556","2,333",0.254,0.098,0.067,"2,351","2,440","2,342",60.28,0.40,0.63,0.36,0.05,0.03,0.08,0.09,0.13,0.09,7.05,5.49,8.99,7.77,6.52,6.43,5.21,8.92,7.67,5.93
66,111. Comillas,11. Carabanchel,"22,721","4,857","17,864",0.23,0.11,0.54,341.1049392,0.02,0.11,0.00,0.24,0.11,0.02,333.50,-0.01,0.07,-0.03,23.31,11,-0.02,345.31,0.021,0.303,-0.035,24.300,11.280,0.012,334.010,203,22,0,181,0.29,0.42,0.05,149467.48,2.25,311,72.8,5046.4,11062,82,1966,15.5,"3,282","2,841",0.250,0.051,0.034,"2,839","2,831","2,839",72.78,0.49,0.51,0.48,0.13,0.00,0.14,0.07,0.02,0.08,10.43,6.74,12.71,10.8,6.01,8.75,7.77,12.57,10.92,6.06
67,112. Opañel,11. Carabanchel,"33,883","8,468","25,415",0.20,0.11,0.54,305.9965682,0.02,0.09,0.00,0.20,0.12,0.02,300.74,0.01,0.12,-0.03,20.58,12,0.00,304.18,0.043,0.334,-0.028,21.090,12.350,0.036,293.440,356,66,0,290,0.86,0.44,0.52,133108.22,2.34,313,70.62,4526.34,15204,86,1973,14.5,"2,553","2,241",0.188,-0.042,-0.015,"2,501","3,153","2,345",64.11,0.46,0.75,0.39,0.10,0.23,0.05,0.03,0.28,-0.03,7.53,9.1,10.75,10.8,6.3,8.67,9.53,10.68,10.92,6.48
68,113. San Isidro,11. Carabanchel,"40,368","9,598","30,770",0.19,0.13,0.53,212.5414626,0.02,0.13,0.00,0.19,0.13,0.02,207.39,0.01,0.12,-0.02,18.82,13,0.00,210.72,0.047,0.330,-0.018,19.480,13.590,0.039,202.990,564,84,3,477,0.50,0.49,0.32,138571.98,2.28,304,66.45,5437.99,17335,83,1975,15,"2,696","2,538",0.409,0.102,0.142,"2,631","3,122","2,542",67.45,0.40,0.54,0.37,0.19,0.28,0.18,0.06,0.34,0.02,7.96,5.46,11.35,10.8,6.24,8.75,6.64,11.27,10.92,6.67
69,114. Vista Alegre,11. Carabanchel,"47,727","12,748","34,979",0.22,0.12,0.54,300.3209162,0.03,0.11,0.00,0.22,0.12,0.03,292.43,0.00,0.10,-0.03,22.14,13,0.00,299.53,0.060,0.391,-0.024,23.350,12.640,0.056,283.210,549,28,1,520,0.30,0.33,0.22,120238.19,2.19,317,69.32,5325.99,19531,84,1970,14.7,"2,382","2,258",0.229,0.105,0.082,"2,237","2,466","2,224",57.35,0.31,0.40,0.31,0.05,0.10,0.05,0.02,0.10,0.02,6.98,7.81,13.19,10.8,6.61,8.47,10.87,13.03,10.92,6.02
70,115. Puerta Bonita,11. Carabanchel,"36,798","10,165","26,633",0.17,0.14,0.53,228.7579261,0.04,0.15,0.00,0.18,0.14,0.04,220.03,0.02,0.16,-0.02,17.90,15,0.02,223.37,0.084,0.471,-0.015,19.130,15.080,0.081,210.940,388,62,0,326,1.79,0.34,0.75,107061.29,2.32,302,65.02,3032.56,14216,81,1974,14.9,"2,459","2,170",0.314,0.117,0.112,"2,126","2,498","2,057",54.51,0.41,0.52,0.41,0.07,0.17,0.05,0.03,0.17,0.01,7.5,6.98,11.46,10.8,6.32,10.73,11.03,11.35,10.92,7.35
71,116. Buenavista,11. Carabanchel,"49,151","8,102","41,048",0.13,0.18,0.52,87.56324378,0.03,0.15,0.01,0.14,0.19,0.03,85.18,0.02,0.18,0.00,13.66,20,0.02,85.53,0.064,0.454,0.010,13.810,21.040,0.064,82.330,563,97,6,460,0.27,0.56,0.25,181140.37,2.38,316,73.09,5060.78,19954,105,1990,,"3,095","2,697",0.214,0.077,0.388,"2,638","2,896","2,579",67.63,0.47,0.82,0.36,0.14,0.31,0.10,0.12,0.27,0.08,7.73,5.34,10.51,10.8,6.31,8.89,8.35,10.42,10.92,5.82
72,117. Abrantes,11. Carabanchel,"31,691","7,722","23,969",0.17,0.15,0.54,202.5501726,0.02,0.12,0.00,0.18,0.15,0.03,197.66,-0.01,0.10,-0.04,17.42,16,0.00,204.19,0.065,0.467,-0.022,18.450,16.670,0.066,190.270,243,12,0,231,1.31,0.51,0.59,121500.42,2.28,316,73.1,2790.55,12426,84,1974,14.2,"2,252","2,047",0.245,0.087,0.079,"2,210",0,"2,208",56.67,0.39,0.42,0.41,0.16,0.00,0.16,0.10,0.00,0.09,7.16,5.13,13.23,10.8,6.52,8.58,5.73,13.05,10.92,6.22
73,121. Orcasitas,12. Usera,"23,085","2,550","20,534",0.19,0.15,0.53,170.1931584,0.00,0.09,-0.01,0.19,0.16,0.00,169.54,0.00,0.15,-0.02,19.10,17,-0.01,170.85,0.023,0.559,-0.018,19.660,17.930,0.022,166.290,89,5,2,82,-0.06,-0.33,-0.26,141699.11,2.24,340,101.36,0,9169,113,1987,,,"2,132",0.253,0.179,0.171,"1,654",0,"1,659",42.41,0.17,0.00,0.14,-0.06,-1.00,-0.09,-0.11,0.00,-0.15,8.67,5.29,11.64,9.65,7.92,8.15,5.02,12.57,9.81,7.77
74,122. Orcasur,12. Usera,"14,390","2,878","11,512",0.14,0.15,0.51,103.7266633,0.01,0.11,-0.01,0.14,0.16,0.01,102.71,0.02,0.22,-0.02,14.36,16,0.01,102.02,0.060,0.584,-0.021,14.630,17.140,0.058,97.830,20,2,0,18,-0.73,-0.84,-0.86,123976.47,2.05,336,86.97,3335.48,5229,110,1990,,,"1,858",0.000,0.075,-0.009,"2,851",0,"2,799",73.09,1.01,-1.00,0.96,0.70,-1.00,0.62,0.49,0.00,0.41,9.77,4.81,11.83,14.34,8.39,8.05,5.21,12.78,13.89,8.09
75,123. San Fermín,12. Usera,"23,598","5,045","18,553",0.15,0.15,0.52,159.9430663,0.01,0.05,-0.01,0.15,0.16,0.01,159.01,-0.02,0.03,-0.03,14.30,18,-0.02,162.67,0.017,0.242,-0.031,14.530,18.980,0.021,157.310,209,13,1,195,0.27,0.11,-0.04,126483.72,2.14,316,77.44,4504.5,9197,95,1986,,,"2,170",0.266,0.063,0.158,"2,044",0,"2,048",52.42,0.44,0.00,0.44,0.10,0.00,0.11,0.09,0.00,0.10,9.08,5.47,11.15,12.74,7.42,8.65,5.03,12.09,13,7.81
76,124. Almendrales,12. Usera,"22,834","6,762","16,072",0.15,0.15,0.53,292.7060633,0.01,0.06,0.00,0.16,0.15,0.01,288.40,0.03,0.04,0.02,15.79,15,0.02,284.29,0.088,0.230,0.038,16.830,15.050,0.082,269,84,15,0,69,-0.40,-0.51,-0.60,125934.55,2.18,296,71.06,5823.71,8961,92,1976,,,"2,186",0.195,0.003,0.097,"2,410",0,"2,294",61.78,0.28,-1.00,0.46,0.19,-1.00,0.07,-0.06,-1.00,-0.06,8.87,7.67,10.85,13.05,6.98,8.21,8.05,11.86,13.17,6.78
77,125. Moscardó,12. Usera,"26,579","7,994","18,585",0.18,0.12,0.53,292.462588,0.02,0.06,0.00,0.19,0.13,0.01,287.62,-0.02,0.01,-0.03,18.43,13,-0.03,298.51,0.033,0.207,-0.027,19.440,13.040,0.021,283.080,202,34,0,168,0.26,0.16,-0.19,127680.76,2.23,302,69.56,5385.3,11165,80,1962,,,"2,455",0.373,0.111,0.062,"2,379","2,544","2,346",61.01,0.43,0.65,0.37,0.16,0.32,0.11,0.12,0.21,0.10,10.49,5.61,10.58,12.83,7.48,10.38,6.84,11.57,12.36,7.15
78,126. Zofío,12. Usera,"14,382","4,173","10,208",0.17,0.13,0.54,185.8139535,0.03,0.13,-0.01,0.18,0.13,0.03,181.16,0.00,0.12,-0.04,17.35,14,0.01,186.20,0.050,0.368,-0.041,18.240,13.990,0.051,176.960,118,9,1,108,1.57,0.62,1.00,110891.98,2.28,312,64.8,1864.38,5511,82,1973,,,"1,878",0.156,-0.006,-0.044,"2,108",0,"2,095",54.04,0.40,0.00,0.43,0.06,0.00,0.09,0.20,0.00,0.18,8.67,5.02,11.1,12.79,7.16,8.64,6.35,14.08,12.91,7.92
79,127. Pradolongo,12. Usera,"17,878","6,876","11,001",0.16,0.14,0.53,163.1650999,0.02,0.08,0.00,0.16,0.14,0.02,159.19,0.00,0.06,-0.03,16.59,14,-0.01,162.89,0.037,0.250,-0.062,17.510,14.630,0.033,157.290,15,3,0,12,-0.85,-0.92,-0.93,107596.44,2.43,310,70.47,3436.17,6592,82,1972,,,"2,108",0.257,0.005,0.087,0,0,0,0,0.49,0.61,0.46,-1.00,-1.00,-1.00,-1.00,-1.00,-1.00,9.42,5.17,11.55,15.04,8.51,8,5.84,12.51,14.28,10.21
80,131. Entrevías,13. Puente de Vallecas,"35,399","6,907","28,492",0.18,0.14,0.52,59.27594233,0.02,0.12,0.00,0.19,0.14,0.02,58.09,0.00,0.14,-0.03,18.96,14,0.00,59.47,0.042,0.463,-0.026,19.980,14.600,0.042,56.910,448,160,30,258,0.17,0.52,0.24,103646.6,2.2,331,73.99,3078.11,13678,84,1975,,"1,910","1,830",0.431,0.175,0.217,"1,827","1,761","1,885",46.84,0.51,0.51,0.52,0.10,0.04,0.15,0.05,0.03,0.07,10.24,5.68,13.7,12.25,6.2,10.43,4.76,12.44,13.72,8.25
81,132. San Diego,13. Puente de Vallecas,"45,104","15,574","29,530",0.13,0.15,0.52,421.5721095,0.05,0.14,0.01,0.13,0.15,0.05,401.08,0.03,0.11,-0.01,13.50,15,0.02,410.32,0.120,0.469,-0.005,14.950,15.040,0.107,376.370,850,250,24,576,0.38,0.64,0.40,98108.62,2.34,294,52.96,3187.94,17868,72,1965,,"2,393","2,121",0.356,0.100,0.092,"2,143","2,077","2,173",54.96,0.46,0.48,0.44,0.11,0.11,0.11,0.06,0.11,0.05,10.55,5.97,10.76,13.1,6.28,12.89,8.94,11.01,15.23,6.97
82,133. Palomeras Bajas,13. Puente de Vallecas,"40,477","7,045","33,432",0.18,0.12,0.53,234.7990023,0.01,0.13,-0.01,0.17,0.12,0.01,231.66,-0.01,0.11,-0.03,16.47,13,-0.01,237.32,0.020,0.406,-0.035,16.390,13.690,0.023,230.120,409,57,3,349,0.57,0.24,0.04,114480.89,2.42,307,67.74,3346.89,16674,95,1981,13,"2,352","2,190",0.399,0.039,0.133,"2,128","2,073","2,139",54.56,0.41,0.36,0.42,0.14,0.10,0.15,0.07,0.09,0.06,10.67,4.47,11.99,13.65,8.05,10.29,5.88,12.87,11.46,6.46
83,134. Palomeras Sureste,13. Puente de Vallecas,"43,162","6,546","36,615",0.19,0.13,0.53,138.8470694,0.01,0.11,0.00,0.18,0.13,0.02,136.85,0.00,0.16,-0.02,18.23,14,0.01,138.85,0.025,0.476,-0.028,18.460,14.110,0.030,135.500,620,172,0,448,0.40,0.59,0.40,129168.9,2.27,322,83.39,3265.42,17919,91,1982,13.1,"2,330","2,046",0.246,0.017,0.065,"2,149","2,746","1,851",55.1,0.64,1.19,0.40,0.30,0.65,0.12,0.17,0.37,0.05,10.98,9.24,10.51,15.11,7.08,10.45,5,13.53,10.63,7.36
84,135. Portazgo,13. Puente de Vallecas,"28,741","5,204","23,537",0.21,0.14,0.53,230.7957922,0.02,0.13,0.00,0.21,0.14,0.02,226.85,-0.01,0.13,-0.03,21.25,14,-0.01,232.63,0.030,0.432,-0.030,22.030,13.730,0.027,224.110,298,29,2,267,0.66,0.05,0.00,114384.16,2.42,324,71.16,2869.73,11862,83,1977,,"2,153","2,016",0.313,0.104,0.043,"2,062","2,135","2,054",52.86,0.54,0.68,0.52,0.16,0.17,0.17,0.13,0.15,0.13,10.53,6.15,12.51,11.37,6.97,10.43,5.36,14.07,12.35,7.43
85,136. Numancia,13. Puente de Vallecas,"48,720","12,746","35,974",0.18,0.12,0.53,263.4795306,0.03,0.15,-0.01,0.19,0.13,0.03,255.88,0.01,0.16,-0.04,18.28,13,0.00,261.81,0.047,0.414,-0.041,18.770,13.400,0.043,251.680,711,85,19,607,0.14,0.32,0.11,105290.14,2.19,304,63.25,2501.44,20273,85,1971,15.1,"2,608","2,250",0.262,0.081,0.069,"2,195","2,222","2,191",56.27,0.34,0.20,0.35,0.10,0.13,0.09,0.13,0.19,0.13,10.4,5.54,13.14,10.48,7.69,10.63,5.49,11.23,12.98,7.53
86,141. Pavones,14. Moratalaz,"8,814","1,052","7,762",0.27,0.11,0.54,87.29325542,0.01,0.18,-0.01,0.27,0.11,0.01,86.36,-0.06,-0.11,-0.05,24.91,12,-0.06,92.66,-0.029,0.239,-0.057,24.020,12.820,-0.026,89.940,74,7,2,65,0.07,0.30,0.00,155673.31,2.15,333,79.7,3457.66,3568,106,1979,,,"2,128",0.000,-0.042,0.000,"2,358",0,"2,346",60.45,0.35,0.00,0.32,0.18,0.00,0.15,0.11,0.00,0.10,10.5,3,10.05,8.5,7.15,8.55,3.37,9.32,8.3,6.48
87,142. Horcajo,14. Moratalaz,"6,339",518,"5,821",0.11,0.13,0.52,84.98458238,0.00,0.17,-0.02,0.11,0.14,0.00,85.18,-0.01,0.65,-0.05,9.31,17,-0.02,86.27,0.002,1.421,-0.048,8.050,19.300,0.005,84.810,23,4,1,18,-0.04,0.53,-0.44,235668.8,1.91,310,92.08,0,2410,141,1999,,,-,0.000,0.000,0.000,"3,649",0,"3,600",93.54,0.27,-1.00,0.38,0.00,0.00,0.00,0.08,0.00,0.00,10.85,5.23,10.78,8.22,5.95,10.76,5.07,9.99,8.43,5.55
88,143. Marroquina,14. Moratalaz,"26,120","1,998","24,122",0.29,0.09,0.54,145.9136361,-0.01,0.10,-0.01,0.29,0.10,0.00,146.91,-0.04,0.08,-0.05,27.63,10,-0.03,152.13,-0.046,0.272,-0.065,26.630,10.760,-0.033,152.950,212,11,0,201,0.04,0.35,0.30,176370.13,2.11,302,84.61,7167.65,11860,99,1976,,,"3,137",0.000,0.094,0.081,"3,143",0,"3,146",80.59,0.35,0.00,0.35,0.08,0.00,0.08,0.07,0.00,0.08,9.41,4.43,11.22,7.34,6.12,8.71,3.96,10.41,7.26,5.86
89,144. Media Legua,14. Moratalaz,"17,323","2,016","15,307",0.29,0.11,0.55,173.4034034,0.00,0.09,-0.01,0.29,0.11,0.00,173.95,-0.03,0.07,-0.05,27.66,11,-0.03,179.70,-0.024,0.373,-0.060,27.430,11.430,-0.018,177.750,198,5,1,192,0.24,0.49,0.42,156771.6,2.02,313,83.87,7026.99,8027,99,1975,,,"2,558",0.000,-0.040,-0.026,"2,905",0,"2,912",74.47,0.41,0.00,0.42,0.11,0.00,0.12,0.10,0.00,0.10,9.51,4.65,9.69,9.29,6.2,8.64,5.24,8.97,9.02,6.26
90,145. Fontarrón,14. Moratalaz,"17,333","3,081","14,252",0.24,0.12,0.55,179.6910637,0.02,0.12,0.00,0.24,0.12,0.02,176.70,-0.01,0.13,-0.04,25.13,12,-0.01,181.62,0.025,0.464,-0.037,26.700,12.750,0.031,175.230,257,11,12,234,0.37,0.49,0.15,142080.71,2.21,320,68.16,3484.27,7825,83,1967,,,"2,457",0.230,0.113,0.067,"2,509",0,"2,535",64.33,0.37,-1.00,0.37,0.10,0.00,0.10,0.12,0.00,0.13,12.95,4.56,11.99,9.17,6.75,11,4.38,11.22,8.84,8.85
91,146. Vinateros,14. Moratalaz,"16,885","2,458","14,427",0.28,0.11,0.56,284.2592593,0.02,0.15,0.00,0.29,0.11,0.02,279.46,-0.01,0.16,-0.04,29.21,11,-0.02,288.26,0.004,0.419,-0.044,30.610,11.430,0.002,283.130,190,9,0,181,0.04,0.46,0.20,150631.79,2.17,310,74.69,6665.49,8196,79,1966,,,"2,627",0.000,0.051,0.045,"2,544",0,"2,530",65.23,0.42,0.38,0.42,0.07,0.00,0.07,0.03,0.00,0.02,9.43,6.54,9.8,7.82,6.29,8.9,6.17,9.09,7.76,5.72
92,151. Ventas,15. Ciudad Lineal,"50,218","10,040","40,178",0.22,0.10,0.54,157.0293934,0.05,0.14,0.03,0.23,0.11,0.04,149.47,0.03,0.15,0.00,23.24,11,0.01,152.88,0.052,0.364,-0.005,24.210,11.740,0.038,149.290,730,57,2,671,0.36,0.41,0.36,142967.25,2.25,323,67.44,4438.57,23418,77,1968,16.3,"3,115","2,841",0.248,0.066,0.110,"2,996","3,841","2,918",76.8,0.47,0.73,0.44,0.10,0.23,0.10,0.10,0.15,0.09,6.03,5.27,6.36,7.89,6.41,5.9,6.81,6.34,7.79,6.97
93,152. Pueblo Nuevo,15. Ciudad Lineal,"62,840","13,020","49,820",0.22,0.12,0.54,270.9555019,0.01,0.11,-0.01,0.22,0.12,0.02,267.05,-0.01,0.09,-0.03,21.52,12,-0.01,273.89,0.027,0.361,-0.034,22.090,12.670,0.030,263.710,866,79,0,787,0.33,0.50,0.20,140381.16,2.18,320,68.03,4905.66,27508,83,1973,15.5,"2,938","2,708",0.215,0.085,0.067,"2,947","4,002","2,834",75.55,0.54,0.95,0.49,0.21,0.44,0.17,0.13,0.43,0.09,5.79,5.58,6.61,8.12,6.14,5.74,7.56,6.53,8.17,6.18
94,153. Quintana,15. Ciudad Lineal,"25,469","5,729","19,738",0.21,0.11,0.55,352.21961,0.05,0.18,0.02,0.22,0.11,0.04,334.43,0.01,0.15,-0.02,21.67,11,0.00,347.81,0.045,0.350,-0.019,22.590,11.640,0.029,337.050,404,11,0,393,0.15,0.53,0.13,154821.45,2.4,315,67.13,4491.04,12232,81,1965,17.7,"3,462","3,179",0.283,0.124,0.091,"3,402",0,"3,351",87.22,0.44,0.00,0.42,0.08,0.00,0.07,0.08,0.00,0.06,5.99,11.25,5.94,8.3,6.15,6.2,12.09,5.87,8.41,6.76
95,154. Concepción,15. Ciudad Lineal,"20,941","3,440","17,501",0.24,0.11,0.55,236.3810814,0.02,0.15,0.00,0.24,0.11,0.02,230.72,-0.01,0.12,-0.03,23.75,12,-0.02,238.77,0.007,0.242,-0.030,24.220,12.440,-0.007,234.820,303,2,0,301,-0.01,0.48,0.10,179107.65,2.36,313,69.77,4095.61,10912,90,1964,16.4,"3,788","3,620",0.479,0.111,0.111,"4,069",0,"4,072",104.33,0.33,0.00,0.34,0.02,0.00,0.02,0.10,0.00,0.10,6.62,5.45,5.61,7.08,6.79,6.29,6.37,5.54,7.24,6.94
96,155. San Pascual,15. Ciudad Lineal,"18,327","1,943","16,384",0.27,0.12,0.54,174.0951838,0.04,0.22,0.03,0.28,0.12,0.04,166.67,0.01,0.23,-0.01,26.56,12,0.00,172,0.014,0.385,-0.017,25.970,12.520,0.001,171.630,220,0,0,220,0.34,0.55,0.24,210636.05,2.17,317,68.87,4537.55,9020,99,1976,16.2,"3,684","3,622",0.140,0.065,0.059,"4,258",0,"4,258",109.16,0.27,0.00,0.29,0.03,0.00,0.03,0.11,0.00,0.11,6.04,6.94,7.93,5.94,6.2,6.21,6.44,7.82,6.18,8.54
97,156. San Juan Bautista,15. Ciudad Lineal,"12,445","1,372","11,073",0.23,0.15,0.53,123.1203008,0.01,0.07,0.01,0.22,0.15,0.01,121.55,-0.02,0.01,-0.03,21.58,15,-0.02,125.88,0.001,0.265,-0.024,21.240,15.700,-0.003,123,137,1,1,135,0.46,0.10,0.05,335075.52,2.04,326,103.66,5692.59,5903,127,1983,16.1,"4,640","4,626",0.235,0.079,0.064,"4,836",0,"4,806",124,0.32,0.00,0.36,0.18,0.00,0.18,0.17,0.00,0.16,8.36,6.29,4.93,5.52,6.13,8.1,6,4.84,5.59,6.49
98,157. Colina,15. Ciudad Lineal,"6,569",796,"5,773",0.23,0.14,0.55,117.3664463,0.04,0.15,0.02,0.24,0.15,0.04,113.24,0.01,0.15,-0.01,22.60,15,0.00,116.47,0.045,0.322,0.015,22.760,15.390,0.041,112.350,76,13,0,63,0.00,-0.01,-0.01,293354.55,2.32,315,86.51,4422.72,3137,119,1978,17,"5,266","5,085",0.000,0.091,0.061,"4,920",0,"4,712",126.14,0.52,0.00,0.53,0.16,0.00,0.10,0.17,0.00,0.16,7.78,5.68,7.02,5.55,6.48,8.9,6.03,6.86,6.15,6.74
99,158. Atalaya,15. Ciudad Lineal,"1,622",184,"1,438",0.23,0.16,0.57,65.16673363,0.01,-0.02,0.01,0.23,0.16,0.02,64.57,0.04,0.15,0.03,23.15,16,0.05,62.48,0.030,0.157,0.016,22.540,18.030,0.013,63.280,22,0,0,22,0.57,-0.04,0.16,426170.57,1.82,301,0,0,752,167,1980,,,-,0.000,0.000,0.000,"5,625",0,"5,625",144.22,0.49,0.00,0.49,0.13,0.00,0.19,0.00,0.00,0.00,7.66,4.78,6.67,6.43,7.68,8.28,4.12,6.51,5.78,7.23
100,159. Costillares,15. Ciudad Lineal,"21,914","1,303","20,610",0.24,0.14,0.53,153.5454036,0.01,0.13,0.00,0.23,0.14,0.01,152.52,-0.01,0.06,-0.02,22.08,15,-0.01,155.86,-0.005,0.186,-0.015,21.390,16.240,-0.003,154.280,214,21,0,193,0.48,0.35,0.45,312534.97,2.32,298,112.85,5107.99,9406,140,1985,15.6,"4,642","4,333",0.188,0.015,0.025,"4,693","3,961","4,767",120.31,0.39,0.46,0.34,0.13,0.00,0.14,0.11,0.00,0.14,5.98,7.08,4.86,5.03,5.83,5.92,6.42,4.76,5.2,5.87
101,161. Palomas,16. Hortaleza,"6,922",714,"6,208",0.17,0.19,0.51,64.76422156,0.00,-0.09,0.01,0.16,0.19,-0.01,64.86,0.01,-0.03,0.02,15.09,20,0.00,60.53,0.027,0.188,0.012,14.560,21.270,0.021,59.640,83,18,0,65,0.09,0.57,0.32,437401.12,1.87,309,190.55,6807.28,2681,203,1993,15.7,"4,411","4,533",0.000,0.215,0.081,"3,991","2,730","4,403",102.32,0.17,0.00,0.30,-0.05,0.00,0.04,-0.04,0.00,0.04,7.47,5.19,6.09,5.8,7.5,7.36,5.47,6.35,5.69,8.1
102,162. Piovera,16. Hortaleza,"15,041","2,588","12,453",0.16,0.17,0.52,47.90737674,0.01,0.05,0.00,0.16,0.17,0.01,47.61,0.01,0.14,-0.02,14.36,18,0.00,47.58,0.022,0.270,-0.018,13.320,18.540,0.019,46.890,105,8,0,97,0.02,0.01,-0.50,674716.69,1.99,295,196.61,5373.03,5456,261,1994,15.6,"5,136","4,690",0.065,0.097,0.014,"5,398",0,"5,395",138.39,0.40,-1.00,0.25,0.14,0.00,0.14,0.08,0.00,0.07,7.46,7.11,6.22,5.52,7.69,7.08,6.86,6.49,5.55,7.8
103,163. Canillas,16. Hortaleza,"39,786","4,433","35,353",0.28,0.12,0.54,157.7244797,0.00,0.12,-0.01,0.28,0.12,0.00,157.41,-0.03,0.12,-0.04,26.49,12,-0.02,161.89,-0.021,0.285,-0.049,26.150,12.350,-0.018,161.060,323,14,0,309,0.09,0.08,0.03,214914.75,2.16,312,87.46,3596.67,18201,105,1978,14.4,"3,786","3,464",0.277,0.069,0.048,"3,630",0,"3,634",93.06,0.36,-1.00,0.38,0.10,0.00,0.11,0.04,0.00,0.06,5.01,6.93,5.76,5.73,8.74,4.84,6.74,6.07,5.39,8.55
104,164. Pinar del Rey,16. Hortaleza,"52,031","7,033","44,998",0.26,0.12,0.54,195.252927,0.00,0.12,-0.01,0.26,0.12,0.01,194.55,-0.02,0.12,-0.04,26.19,12,-0.01,199.50,-0.005,0.386,-0.047,26.380,12.540,0.002,196.170,559,104,7,448,0.13,-0.11,0.01,178264.8,2.09,314,71.88,2629.94,24191,90,1974,15.1,,"3,121",0.248,0.081,0.075,"3,224","3,378","3,183",82.65,0.38,0.48,0.36,0.17,0.12,0.17,0.06,0.08,0.05,5.51,5.83,5.98,6.64,7.55,5.11,6.91,6.3,6.45,7.42
105,165. Apóstol Santiago,16. Hortaleza,"15,435","1,796","13,639",0.22,0.12,0.52,128.0806572,0.00,0.11,-0.01,0.22,0.12,0.01,127.58,-0.01,0.13,-0.02,20.91,12,-0.01,129.08,0.011,0.502,-0.031,20.950,12.870,0.009,126.720,146,12,2,132,0.33,0.22,0.43,231237.13,2.14,325,96.57,3374.09,6535,108,1976,,"3,197","2,672",0.178,-0.062,-0.108,"3,461",0,"3,538",88.74,0.41,0.00,0.37,0.10,0.00,0.13,0.26,0.00,0.23,4.96,5.44,5.37,6.69,8.51,5.12,7.84,5.71,6.58,8.63
106,166. Valdefuentes,16. Hortaleza,"69,176","7,946","61,229",0.08,0.26,0.51,40.63129578,0.04,0.14,0.03,0.08,0.27,0.05,38.89,0.12,0.25,0.10,7.46,27,0.12,36.96,0.274,0.667,0.236,7.110,27.390,0.281,32.400,1363,665,29,669,0.13,0.30,0.40,324088.71,2.06,325,121.01,1774.27,27331,157,2006,15.0,"4,421","4,134",0.080,0.069,0.051,"4,163","3,921","4,422",106.72,0.40,0.42,0.39,0.19,0.20,0.06,-0.01,-0.06,-0.01,6.3,6.05,4.16,5.36,7.21,5.84,5.49,4.49,5.32,7.08
107,"171. Villaverde Alto, Casco Histórico de Villaverde",17. Villaverde,"47,817","11,763","36,054",0.16,0.15,0.52,51.67394311,0.04,0.14,0.01,0.16,0.15,0.04,49.88,0.02,0.14,-0.01,16.41,16,0.02,50.52,0.079,0.453,-0.004,17.410,16.320,0.079,47.870,30,13,0,17,-0.90,-0.93,-0.94,112551.99,2.15,318,69.19,2415.96,18434,87,1977,14.1,"2,018","1,752",0.260,0.086,0.000,"1,939",0,0,49.7,0.50,-1.00,-1.00,0.19,-1.00,-1.00,0.00,-1.00,-1.00,8.39,5.18,11.5,12.16,7.13,7.76,4.68,11.14,12.58,7.17
108,172. San Cristóbal,17. Villaverde,"17,270","6,487","10,783",0.11,0.19,0.50,159.5381062,0.04,0.09,0.01,0.11,0.19,0.03,153.72,0.02,0.09,-0.02,11.88,19,0.00,156.10,0.114,0.385,-0.003,13.740,19.250,0.089,143.170,159,37,0,122,0.34,-0.46,-0.24,77812.34,2.37,317,61.78,1605.56,5667,69,1965,,"1,354","1,457",0.397,-0.007,0.047,"1,422","1,351","1,443",36.45,0.44,0.00,0.48,0.08,-0.01,0.10,0.10,0.00,0.10,9.25,5.7,11.71,17.25,8.96,7.99,5.63,11.38,17.5,8.83
109,173. Butarque,17. Villaverde,"21,316","3,324","17,992",0.09,0.21,0.52,33.43424045,0.02,0.10,0.01,0.09,0.23,0.03,32.65,0.06,0.13,0.05,8.72,24,0.07,31.41,0.167,0.365,0.136,8.580,25.160,0.170,28.650,119,55,0,64,0.68,-0.78,0.01,147051.53,2.16,331,77.01,2016.22,8256,110,1998,,"2,572","2,292",0.246,0.070,0.038,"2,093","2,064","2,123",53.66,0.43,0.28,0.49,0.09,0.08,0.08,0.02,0.00,0.06,8.88,5.71,9.98,9.54,7.65,8.19,4.99,9.6,10.27,7.46
110,174. Los Rosales,17. Villaverde,"37,808","8,414","29,393",0.17,0.14,0.52,245.3949503,0.01,0.09,-0.01,0.17,0.14,0.01,242.21,-0.01,0.08,-0.03,16.71,15,0.00,247.33,0.023,0.271,-0.032,16.750,15.890,0.031,239.980,223,41,3,179,0.30,-0.23,-0.11,113643.15,2.23,313,69.67,1873.5,14459,90,1980,,"2,090","1,883",0.309,0.007,0.055,"1,931","1,957","1,924",49.51,0.42,0.36,0.43,0.08,0.08,0.08,0.06,-0.21,0.10,8.06,5.7,11.1,11.01,6.27,7.5,5.48,10.71,11.33,6.89
111,175. Ángeles,17. Villaverde,"34,827","7,615","27,211",0.23,0.13,0.53,179.9565959,0.06,0.23,0.02,0.24,0.12,0.06,170.01,0.07,0.32,0.02,25.41,12,0.07,168.13,0.143,0.725,0.044,27.190,12.370,0.135,157.510,19,9,0,10,-0.93,-0.97,-0.93,133291.39,2.24,318,85.17,2621.48,14110,98,1973,12.9,"2,063","2,000",0.289,0.086,0.073,"1,903",0,0,48.8,0.37,0.24,0.50,0.02,-1.00,-1.00,0.02,-1.00,-1.00,7.73,5.98,11.05,10.48,6.96,7.31,5.32,10.74,10.48,7.08
112,181. Casco Histórico de Vallecas,18. Villa de Vallecas,"40,417","8,079","32,338",0.17,0.15,0.52,9.389279815,0.02,0.12,0.00,0.17,0.16,0.02,9.19,-0.01,0.10,-0.04,16.47,17,-0.01,9.51,0.017,0.351,-0.042,16.570,17.790,0.019,9.230,516,132,7,377,0.35,0.61,-0.02,121737.09,2.14,315,65.21,4137.67,14972,80,1981,13.3,"2,283","2,205",0.274,0.093,0.144,"2,249","2,490","2,164",57.67,0.34,0.34,0.43,0.08,0.13,0.06,0.17,0.36,0.11,8.85,4.48,11.59,11.15,7.87,8.56,6.21,11.63,11.27,8.08
113,182. Santa Eugenia,18. Villa de Vallecas,"23,876","2,735","21,141",0.25,0.11,0.52,114.7774252,-0.01,0.03,-0.01,0.24,0.12,-0.01,115.90,-0.03,0.04,-0.04,21.91,12,-0.03,118.66,-0.017,0.143,-0.035,20.420,11.820,-0.010,116.790,192,14,0,178,0.08,-0.05,0.16,148283.48,2.18,330,92.91,7402.04,9754,102,1981,,"2,740","2,237",0.168,-0.021,-0.232,"2,330",0,"2,251",59.73,0.40,0.00,0.36,0.11,-1.00,0.14,0.11,0.00,0.07,8.06,5.72,10.13,7.73,6,7.84,5.34,10.13,7.62,7.11
114,183. Ensanche de Vallecas,18. Villa de Vallecas,"53,208","7,616","45,592",0.05,0.23,0.51,83.90973175,0.04,0.17,0.02,0.05,0.24,0.05,80.63,0.09,0.39,0.05,4.60,25,0.10,77.07,0.220,1.030,0.144,4.050,25.200,0.236,68.780,622,170,3,449,0.30,-0.43,0.10,180380.19,2.14,331,93.15,3472.85,24372,121,2009,14.3,"3,223","2,994",0.195,0.111,0.301,"2,980","2,731","3,073",76.41,0.52,0.45,0.53,0.28,0.24,0.26,0.10,0.04,0.11,7.71,6.15,11.06,8.72,5.8,8.93,5.28,11,8.64,6.02
115,191. Casco Histórico de Vicálvaro,19. Vicálvaro,"35,519","7,962","27,556",0.20,0.15,0.52,16.524923,0.01,0.07,0.00,0.20,0.15,0.02,16.32,0.00,0.07,-0.02,20.79,15,0.00,16.59,0.039,0.235,-0.007,22.040,15.020,0.051,15.910,414,16,0,398,0.21,0.52,0.21,110386.01,2.24,324,63.01,6096.35,14308,78,1972,,"2,298","2,776",0.000,0.310,0.352,"2,442","2,581","2,436",62.61,0.56,0.00,0.56,0.14,0.00,0.14,0.07,0.00,0.07,8.38,4.61,9.69,10.59,8.27,7.9,4.28,10.58,10.61,8.61
116,192. Valdebernardo,19. Vicálvaro,"17,471","1,686","15,785",0.14,0.11,0.52,68.37697155,0.00,0.19,-0.01,0.13,0.11,0.00,68.22,-0.02,0.32,-0.05,11.61,13,-0.02,69.80,-0.009,0.674,-0.051,10.170,15.610,-0.007,69.030,68,18,2,48,0.19,0.51,0.42,161628.31,2.1,298,88.09,5087.41,6599,119,1997,,"3,189","3,225",0.326,0.114,0.075,"2,584","2,432","2,644",66.24,0.27,0.32,0.20,0.03,0.00,0.04,-0.04,0.00,-0.04,7.21,4.42,7.78,8.42,7.09,7.13,4.19,8.66,8.45,6.53
117,193. Valderrivas,19. Vicálvaro,"17,760",789,"16,971",0.07,0.22,0.52,276.119403,-0.01,0.11,-0.01,0.07,0.25,0.00,277.80,-0.02,0.14,-0.03,5.94,28,-0.01,282.20,-0.023,0.333,-0.035,5.300,30.280,-0.006,282.660,96,7,2,87,-0.02,0.41,0.26,174930.14,2.06,308,93.67,5812.12,6999,131,2003,,"3,189","3,225",0.326,0.114,0.075,"3,346",0,"3,347",85.78,0.49,0.00,0.48,0.26,0.00,0.26,0.20,0.00,0.20,9.77,7.87,8.92,5.89,4.92,10.71,6.94,9.75,5.79,6.13
118,194. El Cañaveral,19. Vicálvaro,"13,054","1,618","11,436",0.03,0.23,0.49,12.3450252,0.46,0.60,0.44,0.02,0.23,0.45,8.46,4.44,7.94,4.16,3.17,24,4.48,2.27,12.814,19.744,12.190,3.810,20.740,13.070,0.890,1188,805,375,8,-0.29,1.09,17.28,191687.67,2.22,351,106.33,438.47,5748,162,2019,13.2,"3,187",-,0.000,0.000,0.000,"2,609","2,607",0,66.88,0.45,0.16,0.46,0.56,0.56,-1.00,0.08,0.08,0.00,6.85,7.38,8.43,6.12,5.99,7.22,7.38,9.28,5.7,5.98
119,201. Simancas,20. San Blas-Canillejas,"28,765","6,246","22,518",0.16,0.14,0.53,126.3673505,0.02,0.15,-0.01,0.16,0.14,0.02,123.76,0.00,0.16,-0.03,15.53,15,0.01,126.07,0.056,0.503,-0.025,16.410,15.870,0.057,119.670,383,15,0,368,0.18,0.01,-0.09,160393.81,2.18,318,67.15,6556.5,12347,84,1975,,"3,003","2,898",0.256,0.115,0.106,"2,849","3,878","2,800",73.06,0.51,0.00,0.50,0.14,0.00,0.12,0.12,0.00,0.10,8.56,5.56,9.73,9.27,6.65,8.8,5.46,9.44,8.83,6.48
120,202. Hellín,20. San Blas-Canillejas,"9,555","1,870","7,685",0.20,0.13,0.54,173.5379586,0.03,0.19,0.00,0.21,0.13,0.04,168.45,0.02,0.38,-0.04,22.56,13,0.02,169.68,0.069,1.015,-0.041,25.190,11.750,0.068,162.400,188,0,0,188,0.17,0.45,0.05,119671.37,2.11,345,93.5,5667.92,4118,82,1970,,"2,169","2,159",0.000,0.122,0.076,"1,876",0,"1,876",48.1,0.62,0.00,0.62,0.18,0.00,0.18,0.07,0.00,0.07,6.6,4.86,8.75,9.66,8.77,6.66,4.82,8.56,9.37,8.83
121,203. Amposta,20. San Blas-Canillejas,"9,126","2,169","6,957",0.17,0.14,0.53,246.4488253,0.05,0.21,0.01,0.18,0.14,0.05,235.25,0.03,0.29,-0.03,18.45,15,0.02,239.68,0.093,0.835,-0.029,20.360,14.940,0.083,225.420,170,8,0,162,0.38,0.25,0.13,98430.37,2.43,308,60.67,4474.39,3801,65,1964,,"2,267","2,095",0.000,0.011,0.132,"1,833",0,"1,828",47,0.55,0.00,0.56,0.08,0.00,0.09,0.05,0.00,0.05,8.48,4.62,10.96,11.5,9.41,8.74,3.94,10.72,11.19,7.45
122,204. Arcos,20. San Blas-Canillejas,"25,354","3,428","21,926",0.17,0.14,0.53,194.2537542,0.02,0.18,-0.01,0.17,0.14,0.01,191.24,0.03,0.22,0.00,17.52,15,0.03,189.18,0.059,0.646,0.003,18.210,16.240,0.054,183.410,328,64,0,264,-0.25,0.59,0.33,167038.55,2.27,311,87.17,4332.62,10192,96,1978,,"2,380","2,243",0.234,0.053,0.087,"2,466","3,126","2,301",63.22,0.47,0.00,0.38,0.21,0.00,0.13,-0.24,-0.25,0.07,5.7,5.66,8.43,9.12,7.02,6.13,5.14,8.23,8.58,6.92
123,205. Rosas,20. San Blas-Canillejas,"30,751","2,040","28,711",0.16,0.12,0.52,33.07804012,0.00,0.11,-0.01,0.16,0.13,0.00,33.22,-0.03,0.08,-0.04,14.15,16,-0.03,34.20,-0.026,0.341,-0.044,13.110,19.010,-0.021,33.950,148,15,0,133,-0.01,0.08,-0.03,196497.71,2.1,300,94.36,6633.34,12066,123,1993,,"3,297","3,522",0.234,0.128,0.057,"4,245","4,778","4,174",108.84,0.47,0.48,0.52,0.23,0.14,0.27,0.27,0.00,0.25,5.39,5.67,9.04,6.21,5.89,5.85,5.3,8.73,6.07,5.39
124,206. Rejas,20. San Blas-Canillejas,"17,399","3,443","13,956",0.12,0.18,0.51,34.6890763,0.03,0.10,0.01,0.12,0.19,0.02,33.84,0.01,0.04,0.00,11.11,20,0.00,34.49,0.066,0.348,0.014,11.230,20.790,0.072,32.530,238,25,0,213,-0.07,-0.36,0.25,209021.64,2.33,335,106.62,4460.55,6821,113,1992,13.3,"3,377","3,141",0.076,0.039,0.004,"3,041","3,226","3,019",77.96,0.40,0.00,0.40,0.67,0.00,0.67,0.02,-0.05,0.07,7.13,4.74,6.52,7.81,7.23,7.33,4.24,6.31,7.98,6.97
125,207. Canillejas,20. San Blas-Canillejas,"29,067","5,657","23,410",0.23,0.12,0.53,181.9302748,0.02,0.14,-0.01,0.23,0.13,0.02,178.64,0.00,0.17,-0.03,22.92,13,0.01,181.80,0.019,0.387,-0.042,23.160,12.830,0.026,178.500,315,7,0,308,0.09,0.01,0.16,164138.29,2.16,318,88.76,8175.52,12369,93,1974,15.4,"2,726","2,531",0.245,0.072,0.075,"2,486",0,"2,496",63.73,0.38,0.00,0.40,0.05,0.00,0.06,0.05,0.00,0.06,6.13,6.83,8.17,8.82,6.02,6.2,6.24,7.96,8.3,5.88
126,208. El Salvador,20. San Blas-Canillejas,"11,202","1,082","10,120",0.23,0.11,0.53,59.58193713,-0.01,0.04,-0.01,0.23,0.11,-0.01,59.94,-0.02,0.14,-0.04,21.11,11,-0.02,61.04,-0.008,0.334,-0.034,20.260,12.190,-0.003,60.030,91,0,0,91,0.28,0.07,0.20,324992.71,2.02,294,118.89,7531.98,4875,175,1983,,"3,735","3,437",0.053,0.118,-0.007,"3,921",0,"3,921",100.53,0.32,0.58,0.27,0.15,0.00,0.16,0.02,0.00,0.02,7.95,5.33,8.65,6.68,8.28,8.27,5.14,8.35,6.13,7.5
127,211. Alameda de Osuna,21. Barajas,"19,685","1,405","18,280",0.27,0.15,0.52,96.90838379,0.00,0.08,0.00,0.26,0.16,0.00,96.80,-0.01,0.13,-0.02,25.81,17,0.00,100.59,0.012,0.346,-0.007,24.960,16.990,0.020,98.690,322,56,0,266,0.77,0.12,1.04,247816.35,3.01,306,105.63,3088.84,8262,126,1982,,"3,699","3,628",0.258,0.108,0.024,"3,486","4,387","3,291",89.38,0.33,0.00,0.26,0.18,0.29,0.17,0.03,0.24,-0.03,7.15,5.37,3.49,4.38,6.55,6.39,5.1,2.49,4.29,6.97
128,212. Aeropuerto,21. Barajas,"1,902",454,"1,448",0.15,0.16,0.49,0.641161777,0.00,0.06,-0.01,0.15,0.16,0.01,0.64,0.00,0.04,-0.01,15.11,15,0.01,0.64,0.060,0.308,0.001,15.440,15.110,0.075,0.610,18,0,1,17,0.80,0.29,0.00,0,0,0,0,0,579,64,1962,,,-,0.000,0.000,0.000,0,0,0,0,0.00,0.00,0.00,0.00,0.00,0.00,0.00,0.00,0.00,9.64,3.64,7.78,8.22,16.72,9.02,3.06,6.74,8.31,15.91
129,213. Casco Histórico de Barajas,21. Barajas,"7,384","1,464","5,920",0.20,0.11,0.52,134.4011649,0.00,0.03,0.00,0.20,0.11,0.01,133.80,-0.04,-0.01,-0.05,18.56,12,-0.03,139.84,0.007,0.155,-0.024,18.540,11.600,0.021,133.530,120,28,0,92,0.60,0.67,0.74,136645.71,2.25,294,62.95,5234.43,3751,96,1982,14.7,"3,119","2,992",0.000,-0.036,0.006,"3,202","3,871","2,977",82.11,0.41,0.00,0.32,0.08,0.00,0.01,0.04,0.00,0.04,6.27,6.69,5.06,6.91,8.02,6.67,6.87,4.04,6.52,7.45
130,214. Timón,21. Barajas,"12,049","1,297","10,752",0.12,0.18,0.53,25.11045348,0.01,0.07,0.01,0.12,0.19,0.01,24.79,-0.06,-0.07,-0.06,10.55,21,-0.05,25.23,0.025,0.189,0.009,10.110,20.950,0.041,23.060,118,29,2,87,-0.02,-0.06,0.33,194259.04,2.01,302,95.2,5068.81,5166,128,1996,,,"3,164",0.000,0.025,0.050,"3,506","3,810","3,423",89.88,0.26,0.00,0.24,0.13,0.33,0.02,0.07,0.03,0.10,8.09,4.67,6.18,5.45,6.88,7.46,4.49,5.09,5.74,7.72
131,215. Corralejos,21. Barajas,"7,626",551,"7,075",0.11,0.20,0.51,16.32102729,0.00,0.09,0.00,0.10,0.21,0.00,16.27,-0.02,0.10,-0.02,9.94,24,-0.02,16.56,0.015,0.131,0.007,10.010,25.890,0.006,16.040,94,3,0,91,0.06,0.47,0.31,310730.7,2.33,310,115.09,4991.04,3062,153,1999,,,"3,742",0.000,0.077,0.015,"3,674",0,"3,665",94.18,0.31,0.00,0.28,0.02,0.00,-0.01,0.03,0.00,-0.02,8.45,3.91,3.44,4.13,8.2,7.36,3.35,2.43,3.93,9.3
,,,,,,,,,,,,,,,,,,,,,,,,,,,,,,,,,,,,,,,,,,,,,,,,,,,,,,,,,,,,,,,,,,,,,,,,,,
,,,,,,,,,,,,,,,,,,,,,,,,,,,,,,,,,,,,,,,,,,,,,,,,,,,,,,,,,,,,,,,,,,,,,,,,,,
,,,,,,,,,,,,,,,,,,,,,,,,,,,,,,,,,,,,,,,,,,,,,,,,,,,,,,,,,,,,,,,,,,,,,,,,,,
,,,,,,,,,,,,,,,,,,,,,,,,,,,,,,,,,,,,,,,,,,,,,,,,,,,,,,,,,,,,,,,,,,,,,,,,,,
,,,,,,,,,,,,,,,,,,,,,,,,,,,,,,,,,,,,,,,,,,,,,,,,,,,,,,,,,,,,,,,,,,,,,,,,,,
,,,,,,,,,,,,,,,,,,,,,,,,,,,,,,,,,,,,,,,,,,,,,,,,,,,,,,,,,,,,,,,,,,,,,,,,,,
,,,,,,,,,,,,,,,,,,,,,,,,,,,,,,,,,,,,,,,,,,,,,,,,,,,,,,,,,,,,,,,,,,,,,,,,,,
,,,,,,,,,,,,,,,,,,,,,,,,,,,,,,,,,,,,,,,,,,,,,,,,,,,,,,,,,,,,,,,,,,,,,,,,,,
,,,,,,,,,,,,,,,,,,,,,,,,,,,,,,,,,,,,,,,,,,,,,,,,,,,,,,,,,,,,,,,,,,,,,,,,,,
,,,,,,,,,,,,,,,,,,,,,,,,,,,,,,,,,,,,,,,,,,,,,,,,,,,,,,,,,,,,,,,,,,,,,,,,,,
,,,,,,,,,,,,,,,,,,,,,,,,,,,,,,,,,,,,,,,,,,,,,,,,,,,,,,,,,,,,,,,,,,,,,,,,,,
,,,,,,,,,,,,,,,,,,,,,,,,,,,,,,,,,,,,,,,,,,,,,,,,,,,,,,,,,,,,,,,,,,,,,,,,,,
,,,,,,,,,,,,,,,,,,,,,,,,,,,,,,,,,,,,,,,,,,,,,,,,,,,,,,,,,,,,,,,,,,,,,,,,,,
,,,,,,,,,,,,,,,,,,,,,,,,,,,,,,,,,,,,,,,,,,,,,,,,,,,,,,,,,,,,,,,,,,,,,,,,,,
